Ticker,2023-12-29
BSX,57.810001373291016
FOLD,14.1899995803833
RVTY,108.57097625732422
CMS,54.12183380126953
SNPS,514.9099731445312
ROK,298.84307861328125
PCG,17.78228187561035
RSI,4.489999771118164
WK,101.52999877929688
GTX,9.426423072814941
MTCH,35.23210144042969
IGIB,46.945159912109375
TAP,56.64055633544922
FDX,241.17431640625
JNJ,146.63792419433594
VERX,26.940000534057617
ORA,74.77748107910156
SO,64.93121337890625
PGNY,37.18000030517578
AVGO,108.9266128540039
PHAT,9.130000114440918
BF-B,53.88511657714844
NI,24.74493980407715
TEX,55.77349090576172
PFE,24.8840274810791
HUM,444.1957092285156
TEL,136.04165649414062
KTOS,20.290000915527344
ROST,135.24197387695312
CMG,45.739200592041016
PPL,25.168277740478516
SRRK,18.799999237060547
FALN,22.90224838256836
CSX,33.551753997802734
VZ,32.02248764038086
CME,192.847900390625
ARE,111.97981262207031
PARR,36.369998931884766
J,105.20479583740234
VCIT,73.36143493652344
PODD,216.97999572753906
WGS,2.75
EMCB,56.640716552734375
ADSK,243.47999572753906
BALL,55.774566650390625
CALX,43.689998626708984
CVS,72.0884017944336
KEYS,159.08999633789062
JCI,55.832305908203125
RMBS,68.25
BTU,23.569889068603516
CNR,99.41780853271484
VLO,121.72451782226562
PHM,101.48997497558594
EMN,82.05345916748047
RDN,26.671207427978516
HSY,174.23947143554688
PAYX,110.9238052368164
SBUX,90.5654296875
DIS,88.50013732910156
ASGN,96.16999816894531
DG,128.80691528320312
GH,27.049999237060547
RTX,80.43789672851562
SMCI,28.426000595092773
ECVT,9.770000457763672
ITRI,75.51000213623047
HRMY,32.29999923706055
NMRK,10.73966121673584
CHRW,81.99053192138672
LRCX,76.74164581298828
TTD,71.95999908447266
RIOT,15.470000267028809
AMSC,11.140000343322754
NVCR,14.930000305175781
BWIN,24.020000457763672
NEE,56.848323822021484
ADTN,7.340000152587891
MKC,65.19112396240234
STLD,114.37388610839844
APTV,89.72000122070312
CRC,51.09687042236328
WMB,31.990999221801758
USTB,44.46987533569336
ICE,125.03759765625
EXC,32.97216796875
VRSN,203.42190551757812
LYB,80.8550033569336
HYLS,36.00748825073242
HRL,28.954397201538086
PII,85.91670989990234
MOS,33.34598159790039
ANF,88.22000122070312
FEMB,25.53407859802246
COO,94.61000061035156
CMC,48.44057083129883
GPC,129.17564392089844
BAX,36.889442443847656
DLTR,142.0500030517578
PG,138.31805419921875
GE,100.47215270996094
ASO,64.63500213623047
ON,83.52999877929688
MSFT,369.6719055175781
SONO,17.139999389648438
PPG,141.90414428710938
CINF,98.0013198852539
PWR,215.22769165039062
LEN,139.43304443359375
ACAD,31.309999465942383
SWK,89.45449829101562
CSCO,47.18780517578125
PDD,146.30999755859375
DVN,42.35487365722656
ARLO,9.520000457763672
SLV,21.780000686645508
NOW,141.29800415039062
ALL,133.79551696777344
AVNT,39.067359924316406
APA,32.636051177978516
MCHP,84.97855377197266
BBY,70.135498046875
WBD,11.380000114440918
CDP,23.2401065826416
COST,651.9500732421875
RVLV,16.579999923706055
CBRE,93.08999633789062
CRL,236.39999389648438
CALY,14.34000015258789
GKOS,79.48999786376953
LHX,201.8184356689453
MC,51.236900329589844
PANW,147.44000244140625
HAE,85.51000213623047
MU,84.66383361816406
APAM,36.46303176879883
BRK-B,356.6600036621094
PFG,72.49612426757812
AVAV,126.04000091552734
AAOI,19.31999969482422
AOS,79.10244750976562
ZD,67.19000244140625
WSM,97.07996368408203
COGT,5.880000114440918
ETN,234.12547302246094
TXG,55.959999084472656
AGZD,20.015613555908203
PGR,145.7646026611328
MLKN,24.709409713745117
MDT,76.5985107421875
EPAM,297.3399963378906
AFL,78.60546875
REZI,18.81999969482422
KDP,30.970911026000977
ZWS,28.788461685180664
SRE,69.65029907226562
AJG,220.29159545898438
TGT,131.1385498046875
RSG,160.89491271972656
TSN,49.8084831237793
KKR,81.72008514404297
COHU,35.38999938964844
MAR,220.7015838623047
AKAM,118.3499984741211
ANGL,24.981477737426758
LAUR,13.710000038146973
DBRG,17.415651321411133
VTR,46.56011199951172
SIG,104.50946807861328
DECK,111.40499877929688
HYZD,18.86345100402832
VCYT,27.510000228881836
FTV,54.950496673583984
VTRS,9.815594673156738
ACLS,129.69000244140625
MIR,10.25
LDOS,105.7451400756836
ED,84.27828216552734
LDSF,17.007450103759766
ELV,453.67730712890625
VRTX,406.8900146484375
WST,349.8243103027344
OPLN,14.8100004196167
CXW,14.529999732971191
SM,36.21147155761719
PAGS,12.101288795471191
PTCT,27.559999465942383
FSLY,17.799999237060547
APH,48.678306579589844
HE,14.1899995803833
EXPD,124.16056060791016
HAL,34.21297073364258
OPCH,33.689998626708984
IMAX,15.020000457763672
WTW,234.79676818847656
HSIC,75.70999908447266
GPN,123.97235870361328
HQY,66.30000305175781
EW,76.25
HP,32.94649124145508
TMHC,53.349998474121094
VTC,69.79706573486328
MOH,361.30999755859375
PSX,123.24111938476562
LASR,13.5
DYN,13.300000190734863
TRV,183.4168243408203
IR,77.18070220947266
AEP,74.82141876220703
D,42.2357063293457
JKHY,158.61961364746094
WAT,329.2300109863281
TJX,91.13899230957031
WKC,21.396913528442383
BX,122.4047622680664
LOW,213.1473388671875
CLMT,17.8700008392334
HCC,59.725486755371094
EXR,145.41998291015625
ZBRA,273.3299865722656
MAA,120.80603790283203
KLAC,570.5531005859375
CTSH,72.77843475341797
QCOM,137.8426055908203
DGX,131.29774475097656
ADI,191.48065185546875
ZBH,119.15798950195312
ABNB,136.13999938964844
PYPL,61.08341979980469
PZZA,69.47116088867188
TXT,80.24701690673828
ETR,46.97421646118164
CDNS,272.3699951171875
NXPI,220.53614807128906
SBAC,242.3800811767578
HLT,181.08506774902344
LIVN,51.7400016784668
NWSA,24.09095573425293
TDS,17.9499568939209
MSTR,63.1619987487793
UPS,138.4182586669922
SPGI,432.90185546875
PRU,93.0622329711914
CBOE,174.9895782470703
LEG,24.572742462158203
STZ,230.52085876464844
TMO,526.9633178710938
COP,108.28990173339844
OUST,7.670000076293945
NKE,103.60149383544922
GM,35.103084564208984
TEAM,237.86000061035156
SJM,115.90145874023438
ADMA,4.519999980926514
CRH,67.29679870605469
ATEN,12.744668006896973
XYL,111.39832305908203
STNE,18.030000686645508
CRS,69.89879608154297
BR,198.25099182128906
CSGP,87.38999938964844
SUSB,22.29100799560547
MRTN,20.200401306152344
TALO,14.229999542236328
FE,33.395870208740234
RDNT,34.77000045776367
PTC,174.9600067138672
ACN,337.6336364746094
TRMB,53.20000076293945
ROP,536.364501953125
CRI,67.6971206665039
FCX,41.21187210083008
DOW,47.792869567871094
UNP,233.48060607910156
ECL,193.90821838378906
CCI,101.96199798583984
FIS,57.17108154296875
MWA,14.015314102172852
EQT,37.42131042480469
PSKY,14.230371475219727
IVZ,16.117738723754883
INTC,49.58590316772461
QTWO,43.40999984741211
SLAB,132.27000427246094
ALLE,123.43221282958984
PSA,278.60943603515625
CAG,25.09132957458496
MNST,57.61000061035156
FORM,41.709999084472656
SEM,12.201627731323242
IRT,14.074219703674316
ADP,221.1942901611328
WY,32.39059066772461
ADM,66.58512878417969
CARG,24.15999984741211
MPC,141.52999877929688
FIVN,78.69000244140625
VIR,10.0600004196167
EMB,79.06867218017578
CMI,228.7173309326172
YUM,125.10088348388672
AME,162.50364685058594
VCSH,70.40776824951172
XPRO,15.920000076293945
APO,90.17655181884766
DNLI,21.459999084472656
VSH,22.76910972595215
PLAB,31.3700008392334
AZN,127.76461791992188
XEL,57.31179428100586
HUBG,44.690582275390625
BGC,7.087967872619629
MLI,45.87742614746094
DXCM,124.08999633789062
DNOW,11.319999694824219
A,136.65753173828125
KRG,20.19525909423828
PLD,123.66072082519531
SFM,48.11000061035156
RCUS,19.100000381469727
DOV,150.05885314941406
GILD,75.2852783203125
CVNA,52.939998626708984
LULU,511.2900085449219
FLR,39.16999816894531
DHI,148.54222106933594
VMC,223.3212890625
MHK,103.5
UTI,12.520000457763672
CORT,32.47999954223633
AGIO,22.270000457763672
VICR,44.939998626708984
BBIO,40.369998931884766
REG,61.200923919677734
BRO,70.07312774658203
XOM,92.64180755615234
ISRG,337.3599853515625
AEO,19.631343841552734
AON,286.86395263671875
MO,34.093318939208984
ABBV,142.1218719482422
EFX,243.2346954345703
SMTC,21.90999984741211
BKR,32.49884796142578
AVNS,22.43000030517578
PRMB,14.017329216003418
FRT,93.51000213623047
ACIW,30.600000381469727
KMT,24.009502410888672
HYXF,39.45911407470703
BLK,772.6390380859375
SLB,48.91505432128906
RMD,168.5337677001953
LMND,16.1299991607666
CTRA,23.693025588989258
TDW,72.11000061035156
TXN,159.48512268066406
SWKS,103.63694763183594
CCOI,67.29456329345703
FDS,464.7998352050781
CNC,74.20999908447266
MRK,101.52635955810547
MOD,59.70000076293945
EXLS,30.850000381469727
POR,39.096317291259766
PRIM,32.91424560546875
BLDR,166.94000244140625
GIS,58.29214096069336
PBF,40.644039154052734
LKQ,44.48334884643555
V,256.0249328613281
LBRT,17.396766662597656
MCD,281.3244934082031
ANET,58.877498626708984
CWST,85.45999908447266
FFIV,178.97999572753906
ODFL,199.89337158203125
BA,260.6600036621094
EPC,34.9073486328125
NOC,451.0934753417969
INCY,62.790000915527344
FOXA,28.795989990234375
DELL,73.66665649414062
DD,30.784006118774414
SPSC,193.83999633789062
INVH,31.3778018951416
PBI,4.084112644195557
GLD,191.1699981689453
AMBA,61.290000915527344
SHOP,77.9000015258789
GOOGL,138.54490661621094
IBKR,20.467557907104492
WWW,8.416912078857422
AWK,125.10497283935547
WDC,39.414146423339844
VCLT,71.17168426513672
MCO,383.7091064453125
FSLR,172.27999877929688
LIND,11.270000457763672
NUE,168.18740844726562
BG,94.25035858154297
CTVA,46.78434371948242
ASML,742.804931640625
HIG,77.32354736328125
OII,21.280000686645508
ALB,139.03514099121094
SYK,293.2104187011719
CTAS,147.9061737060547
NFLX,48.6879997253418
WAB,125.48725128173828
ICHR,33.630001068115234
MCK,458.4946594238281
BKH,48.85458755493164
KIM,19.208026885986328
LLY,573.89453125
DLR,125.73169708251953
IFF,77.29036712646484
META,351.20391845703125
LIN,399.0298156738281
TENB,46.060001373291016
VECO,31.030000686645508
AVPT,8.210000038146973
WYNN,89.05884552001953
SLQD,44.97996520996094
WERN,40.7376708984375
STE,215.57884216308594
XYZ,77.3499984741211
BKNG,139.28677368164062
PM,85.76631164550781
TKO,80.240966796875
HPQ,27.42730140686035
PEG,56.92960739135742
TTWO,160.9499969482422
MTH,82.89893341064453
WELL,86.26609802246094
MDLZ,67.7708511352539
AXON,258.3299865722656
APPN,37.65999984741211
ARES,111.31535339355469
YELP,47.34000015258789
PUMP,8.380000114440918
GOOG,139.78240966796875
MDB,408.8500061035156
HLIT,13.039999961853027
ACMR,19.540000915527344
DASH,98.88999938964844
TROW,96.47562408447266
MIRM,29.520000457763672
MUR,38.85556411743164
NVDA,49.49174880981445
AMD,147.41000366210938
DUK,89.2188491821289
VSAT,27.950000762939453
ADPT,4.900000095367432
INTU,614.20458984375
MGY,20.168190002441406
AMZN,151.94000244140625
CVX,135.34014892578125
VRNS,45.279998779296875
DPZ,398.4299621582031
KHC,32.74074172973633
INSM,30.989999771118164
RVMD,28.68000030517578
MD,9.300000190734863
WRB,44.755741119384766
MXL,23.770000457763672
OMC,80.11084747314453
HCA,266.1864013671875
ABT,104.71883392333984
GLW,28.975181579589844
ARQT,3.2300000190734863
XENE,46.060001373291016
SUSC,21.09714698791504
CYTK,83.48999786376953
IP,32.96427917480469
RAMP,37.880001068115234
SGRY,31.989999771118164
DHR,228.42156982421875
HISF,40.31776809692383
OXY,57.22068405151367
IEX,210.37149047851562
VRDN,21.780000686645508
UBER,61.56999969482422
DOC,17.009258270263672
GD,247.2404022216797
PCVX,62.79999923706055
AAPL,190.5504608154297
CI,287.0932922363281
LNTH,62.0
AVB,172.90159606933594
CDE,3.259999990463257
WDAY,276.05999755859375
SKOR,43.06511306762695
AMCR,44.074344635009766
EQR,55.76712417602539
CARR,55.9557991027832
OKE,62.68518829345703
HL,4.7631330490112305
ADNT,36.36000061035156
VIAV,10.069999694824219
GTLS,136.3300018310547
TPH,35.400001525878906
EBAY,42.004539489746094
CHD,92.06867218017578
TER,107.56243896484375
NSC,225.28211975097656
BDX,183.32957458496094
AMAT,159.02212524414062
NDAQ,56.45323181152344
CRM,259.33258056640625
MRSH,181.93899536132812
MGNI,9.34000015258789
ENOV,56.02000045776367
LNT,47.52116775512695
O,50.65460205078125
IGSB,46.571414947509766
POOL,385.00396728515625
ISTB,43.45247268676758
UCTT,34.13999938964844
KBH,60.358333587646484
APD,258.1552734375
CF,75.28424072265625
TTMI,15.8100004196167
POWI,79.3162612915039
PAYC,203.0327606201172
DHT,8.505207061767578
CAH,97.48932647705078
GEO,10.829999923706055
FAST,30.84174919128418
GLNG,21.493919372558594
IRM,65.14137268066406
SMPL,39.599998474121094
UNH,501.9930419921875
GNRC,129.24000549316406
FTNT,58.529998779296875
TSLA,248.47999572753906
ATO,109.80844116210938
ES,55.59727478027344
STEP,30.194623947143555
CPRT,49.0
EYE,20.93000030517578
SHOO,39.847206115722656
AHCO,7.289999961853027
CMCSA,37.562686920166016
HWM,53.78127670288086
DDOG,121.37999725341797
HPE,15.995863914489746
AIG,64.5614013671875
BIIB,258.7699890136719
SSRM,10.760000228881836
ALKS,27.739999771118164
QLYS,196.27999877929688
HLF,15.260000228881836
KMI,15.806321144104004
ALGN,274.0
USIG,46.26140213012695
T,14.793895721435547
POWL,29.1440486907959
CPT,91.1106185913086
PWP,11.830438613891602
RYTM,45.970001220703125
ACGL,70.62322998046875
EOG,111.65596771240234
KO,55.16545867919922
OTIS,86.1156997680664
SANM,51.369998931884766
VWOB,55.64545822143555
MRVL,59.83542251586914
PNR,70.76839447021484
PKG,154.05848693847656
CRWD,255.32000732421875
EMR,93.56877136230469
EA,135.3238983154297
WHD,44.32668685913086
ARWR,30.600000381469727
LUV,27.503494262695312
TECH,76.2916030883789
ADBE,596.5999755859375
TT,239.1394500732422
DAL,39.22272872924805
WEC,77.66934967041016
AXGN,6.829999923706055
PLTR,17.170000076293945
PCAR,91.23933410644531
ORLY,63.33866882324219
GRMN,123.85259246826172
CB,220.92596435546875
CWK,10.800000190734863
NEM,39.6293830871582
AZTA,65.13999938964844
